<colorPrimary>ff212121</colorPrimary><colorPrimaryDark>ff2da325</colorPrimaryDark><colorAccent>ffa06807</colorAccent><statusBarColor>ff50c4e5</statusBarColor><navigationBarColor>fefcfcfb</navigationBarColor><colorControlNormal>ffffffff</colorControlNormal><colorControlHighlight>ffffffff</colorControlHighlight><colorControlActivated>ffffffff</colorControlActivated><colorButtonNormal>ffffffff</colorButtonNormal><colorForeground>ffffffff</colorForeground><colorBackground>ffffffff</colorBackground><windowBackground>ffffffff</windowBackground><textColor>ffffffff</textColor><textColorPrimaryDisableOnly>ffffffff</textColorPrimaryDisableOnly><textColorPrimary>ffffffff</textColorPrimary><Theme>AppBaseiAppTheme0</Theme>